{
  "questions": [
    {
      "id": 1,
      "theme": "Artes",
      "type": "multiple_choice",
      "question": "Quem pintou a obra 'Abaporu', símbolo do movimento antropofágico brasileiro?",
      "options": [
        "Anita Malfatti",
        "Di Cavalcanti",
        "Tarsila do Amaral",
        "Candido Portinari"
      ],
      "correct_answer": "Tarsila do Amaral",
      "difficulty": "medium"
    },
    {
      "id": 2,
      "theme": "Artes",
      "type": "multiple_choice",
      "question": "Qual movimento artístico teve como principais características a valorização da luz e das cores, além de pinceladas soltas?",
      "options": [
        "Cubismo",
        "Impressionismo",
        "Surrealismo",
        "Expressionismo"
      ],
      "correct_answer": "Impressionismo",
      "difficulty": "medium"
    },
    {
      "id": 3,
      "theme": "Artes",
      "type": "multiple_choice",
      "question": "Qual artista é conhecido por suas pinturas de latas de sopa Campbell e por suas serigrafias de Marilyn Monroe?",
      "options": [
        "Jackson Pollock",
        "Andy Warhol",
        "Roy Lichtenstein",
        "Marcel Duchamp"
      ],
      "correct_answer": "Andy Warhol",
      "difficulty": "easy"
    },
    {
      "id": 4,
      "theme": "Artes",
      "type": "multiple_choice",
      "question": "Em que ano ocorreu a Semana de Arte Moderna no Brasil?",
      "options": [
        "1912",
        "1922",
        "1932",
        "1942"
      ],
      "correct_answer": "1922",
      "difficulty": "medium"
    },
    {
      "id": 5,
      "theme": "Artes",
      "type": "multiple_choice",
      "question": "Qual artista brasileiro ficou conhecido por pintar formas geométricas parecidas com bandeirinhas?",
      "options": [
        "Candido Portinari",
        "Alfredo Volpi",
        "Di Cavalcanti",
        "Romero Britto"
      ],
      "correct_answer": "Alfredo Volpi",
      "difficulty": "hard"
    },
    {
      "id": 6,
      "theme": "Artes",
      "type": "multiple_choice",
      "question": "Qual destas obras foi pintada por Leonardo da Vinci?",
      "options": [
        "A Noite Estrelada",
        "Guernica",
        "Mona Lisa",
        "O Grito"
      ],
      "correct_answer": "Mona Lisa",
      "difficulty": "easy"
    },
    {
      "id": 7,
      "theme": "Artes",
      "type": "multiple_choice",
      "question": "Qual movimento artístico tinha como característica a representação de figuras geométricas e múltiplas perspectivas?",
      "options": [
        "Cubismo",
        "Dadaísmo",
        "Futurismo",
        "Surrealismo"
      ],
      "correct_answer": "Cubismo",
      "difficulty": "medium"
    },
    {
      "id": 8,
      "theme": "Artes",
      "type": "true_false",
      "question": "A escultura 'O Pensador' foi criada por Auguste Rodin.",
      "correct_answer": true,
      "difficulty": "medium"
    },
    {
      "id": 9,
      "theme": "Artes",
      "type": "true_false",
      "question": "Vincent van Gogh vendeu apenas uma pintura durante sua vida.",
      "correct_answer": true,
      "difficulty": "medium"
    },
    {
      "id": 10,
      "theme": "Artes",
      "type": "true_false",
      "question": "Pablo Picasso foi um dos fundadores do movimento Impressionista.",
      "correct_answer": false,
      "difficulty": "medium"
    },
    {
      "id": 11,
      "theme": "Música",
      "type": "multiple_choice",
      "question": "Qual instrumento Jimi Hendrix tocava principalmente?",
      "options": [
        "Bateria",
        "Baixo",
        "Guitarra",
        "Piano"
      ],
      "correct_answer": "Guitarra",
      "difficulty": "easy"
    },
    {
      "id": 12,
      "theme": "Música",
      "type": "multiple_choice",
      "question": "Qual destes não é um instrumento de sopro?",
      "options": [
        "Flauta",
        "Saxofone",
        "Violoncelo",
        "Clarinete"
      ],
      "correct_answer": "Violoncelo",
      "difficulty": "easy"
    },
    {
      "id": 13,
      "theme": "Música",
      "type": "multiple_choice",
      "question": "Qual compositor é conhecido como o 'Rei do Baião'?",
      "options": [
        "Pixinguinha",
        "Luiz Gonzaga",
        "Tom Jobim",
        "Cartola"
      ],
      "correct_answer": "Luiz Gonzaga",
      "difficulty": "medium"
    },
    {
      "id": 14,
      "theme": "Música",
      "type": "multiple_choice",
      "question": "Qual destas bandas é considerada pioneira do heavy metal?",
      "options": [
        "The Beatles",
        "Led Zeppelin",
        "Black Sabbath",
        "Pink Floyd"
      ],
      "correct_answer": "Black Sabbath",
      "difficulty": "medium"
    },
    {
      "id": 15,
      "theme": "Música",
      "type": "multiple_choice",
      "question": "Qual movimento musical surgiu na Jamaica na década de 1960?",
      "options": [
        "Samba",
        "Blues",
        "Reggae",
        "Jazz"
      ],
      "correct_answer": "Reggae",
      "difficulty": "medium"
    },
    {
      "id": 16,
      "theme": "Música",
      "type": "multiple_choice",
      "question": "Qual destes artistas é considerado um dos criadores da Bossa Nova?",
      "options": [
        "Caetano Veloso",
        "Roberto Carlos",
        "João Gilberto",
        "Raul Seixas"
      ],
      "correct_answer": "João Gilberto",
      "difficulty": "medium"
    },
    {
      "id": 17,
      "theme": "Música",
      "type": "multiple_choice",
      "question": "Qual é o nome do fenômeno musical que surgiu no Recife nos anos 1990, misturando rock, maracatu, ciranda e outros ritmos regionais?",
      "options": [
        "Tropicalismo",
        "Manguebeat",
        "Axé Music",
        "Jovem Guarda"
      ],
      "correct_answer": "Manguebeat",
      "difficulty": "hard"
    },
    {
      "id": 18,
      "theme": "Música",
      "type": "true_false",
      "question": "Ludwig van Beethoven ficou completamente surdo nos últimos anos de sua vida.",
      "correct_answer": true,
      "difficulty": "medium"
    },
    {
      "id": 19,
      "theme": "Música",
      "type": "true_false",
      "question": "O violão tradicional possui 8 cordas.",
      "correct_answer": false,
      "difficulty": "easy"
    },
    {
      "id": 20,
      "theme": "Música",
      "type": "true_false",
      "question": "A música 'Garota de Ipanema' é a segunda canção mais regravada da história, atrás apenas de 'Yesterday' dos Beatles.",
      "correct_answer": true,
      "difficulty": "hard"
    },
    {
      "id": 21,
      "theme": "Geografia",
      "type": "multiple_choice",
      "question": "Qual é o maior país do mundo em área territorial?",
      "options": [
        "China",
        "Estados Unidos",
        "Canadá",
        "Rússia"
      ],
      "correct_answer": "Rússia",
      "difficulty": "easy"
    },
    {
      "id": 22,
      "theme": "Geografia",
      "type": "multiple_choice",
      "question": "Qual é o rio mais extenso do Brasil?",
      "options": [
        "Rio São Francisco",
        "Rio Amazonas",
        "Rio Paraná",
        "Rio Negro"
      ],
      "correct_answer": "Rio Amazonas",
      "difficulty": "medium"
    },
    {
      "id": 23,
      "theme": "Geografia",
      "type": "multiple_choice",
      "question": "Qual destes países não faz fronteira com o Brasil?",
      "options": [
        "Bolívia",
        "Chile",
        "Colômbia",
        "Peru"
      ],
      "correct_answer": "Chile",
      "difficulty": "medium"
    },
    {
      "id": 24,
      "theme": "Geografia",
      "type": "multiple_choice",
      "question": "Qual é a capital da Austrália?",
      "options": [
        "Sydney",
        "Melbourne",
        "Canberra",
        "Brisbane"
      ],
      "correct_answer": "Canberra",
      "difficulty": "medium"
    },
    {
      "id": 25,
      "theme": "Geografia",
      "type": "multiple_choice",
      "question": "Qual é o menor país do mundo em área territorial?",
      "options": [
        "Mônaco",
        "Vaticano",
        "Nauru",
        "San Marino"
      ],
      "correct_answer": "Vaticano",
      "difficulty": "medium"
    },
    {
      "id": 26,
      "theme": "Geografia",
      "type": "multiple_choice",
      "question": "Qual é o ponto mais alto do Brasil?",
      "options": [
        "Pico da Neblina",
        "Pico da Bandeira",
        "Monte Roraima",
        "Pico das Agulhas Negras"
      ],
      "correct_answer": "Pico da Neblina",
      "difficulty": "hard"
    },
    {
      "id": 27,
      "theme": "Geografia",
      "type": "multiple_choice",
      "question": "Qual destas cidades é a capital do Canadá?",
      "options": [
        "Toronto",
        "Vancouver",
        "Montreal",
        "Ottawa"
      ],
      "correct_answer": "Ottawa",
      "difficulty": "medium"
    },
    {
      "id": 28,
      "theme": "Geografia",
      "type": "true_false",
      "question": "O Monte Everest é a montanha mais alta do mundo.",
      "correct_answer": true,
      "difficulty": "easy"
    },
    {
      "id": 29,
      "theme": "Geografia",
      "type": "true_false",
      "question": "O Brasil possui território em dois hemisférios: norte e sul.",
      "correct_answer": true,
      "difficulty": "medium"
    },
    {
      "id": 30,
      "theme": "Geografia",
      "type": "true_false",
      "question": "A Groenlândia é o maior país da Europa em área territorial.",
      "correct_answer": false,
      "difficulty": "medium"
    },
    {
      "id": 31,
      "theme": "História do Brasil",
      "type": "multiple_choice",
      "question": "Quem foi o primeiro presidente do Brasil?",
      "options": [
        "Getúlio Vargas",
        "Dom Pedro II",
        "Marechal Deodoro da Fonseca",
        "Juscelino Kubitschek"
      ],
      "correct_answer": "Marechal Deodoro da Fonseca",
      "difficulty": "medium"
    },
    {
      "id": 32,
      "theme": "História do Brasil",
      "type": "multiple_choice",
      "question": "Em que ano foi proclamada a independência do Brasil?",
      "options": [
        "1808",
        "1822",
        "1889",
        "1500"
      ],
      "correct_answer": "1822",
      "difficulty": "easy"
    },
    {
      "id": 33,
      "theme": "História do Brasil",
      "type": "multiple_choice",
      "question": "Qual foi o nome do movimento liderado por Tiradentes?",
      "options": [
        "Inconfidência Mineira",
        "Guerra dos Farrapos",
        "Revolta da Vacina",
        "Revolução Constitucionalista"
      ],
      "correct_answer": "Inconfidência Mineira",
      "difficulty": "medium"
    },
    {
      "id": 34,
      "theme": "História do Brasil",
      "type": "multiple_choice",
      "question": "Qual presidente brasileiro ficou conhecido como 'Pai dos Pobres'?",
      "options": [
        "Juscelino Kubitschek",
        "Getúlio Vargas",
        "Fernando Henrique Cardoso",
        "Jânio Quadros"
      ],
      "correct_answer": "Getúlio Vargas",
      "difficulty": "medium"
    },
    {
      "id": 35,
      "theme": "História do Brasil",
      "type": "multiple_choice",
      "question": "Em que ano foi abolida a escravidão no Brasil?",
      "options": [
        "1822",
        "1888",
        "1889",
        "1900"
      ],
      "correct_answer": "1888",
      "difficulty": "easy"
    },
    {
      "id": 36,
      "theme": "História do Brasil",
      "type": "multiple_choice",
      "question": "Qual foi o período da ditadura militar no Brasil?",
      "options": [
        "1945-1964",
        "1964-1985",
        "1930-1945",
        "1985-2000"
      ],
      "correct_answer": "1964-1985",
      "difficulty": "medium"
    },
    {
      "id": 37,
      "theme": "História do Brasil",
      "type": "multiple_choice",
      "question": "Qual foi o principal produto de exportação do Brasil durante o período colonial?",
      "options": [
        "Café",
        "Açúcar",
        "Ouro",
        "Borracha"
      ],
      "correct_answer": "Açúcar",
      "difficulty": "medium"
    },
    {
      "id": 38,
      "theme": "História do Brasil",
      "type": "true_false",
      "question": "Dom Pedro I foi o primeiro imperador do Brasil.",
      "correct_answer": true,
      "difficulty": "easy"
    },
    {
      "id": 39,
      "theme": "História do Brasil",
      "type": "true_false",
      "question": "A capital do Brasil sempre foi Brasília desde a independência.",
      "correct_answer": false,
      "difficulty": "easy"
    },
    {
      "id": 40,
      "theme": "História do Brasil",
      "type": "true_false",
      "question": "O Brasil participou da Segunda Guerra Mundial lutando ao lado dos Aliados.",
      "correct_answer": true,
      "difficulty": "medium"
    },
    {
      "id": 41,
      "theme": "História Geral",
      "type": "multiple_choice",
      "question": "Qual foi o primeiro imperador romano?",
      "options": [
        "Júlio César",
        "Augusto",
        "Nero",
        "Marco Aurélio"
      ],
      "correct_answer": "Augusto",
      "difficulty": "medium"
    },
    {
      "id": 42,
      "theme": "História Geral",
      "type": "multiple_choice",
      "question": "Em que ano começou a Primeira Guerra Mundial?",
      "options": [
        "1905",
        "1914",
        "1918",
        "1939"
      ],
      "correct_answer": "1914",
      "difficulty": "easy"
    },
    {
      "id": 43,
      "theme": "História Geral",
      "type": "multiple_choice",
      "question": "Qual destes líderes NÃO participou da Segunda Guerra Mundial?",
      "options": [
        "Winston Churchill",
        "Joseph Stalin",
        "Franklin D. Roosevelt",
        "Napoleão Bonaparte"
      ],
      "correct_answer": "Napoleão Bonaparte",
      "difficulty": "medium"
    },
    {
      "id": 44,
      "theme": "História Geral",
      "type": "multiple_choice",
      "question": "Qual evento marcou o início da Revolução Francesa?",
      "options": [
        "A Queda da Bastilha",
        "A execução de Luís XVI",
        "A Marcha sobre Versalhes",
        "O Juramento do Jogo da Péla"
      ],
      "correct_answer": "A Queda da Bastilha",
      "difficulty": "medium"
    },
    {
      "id": 45,
      "theme": "História Geral",
      "type": "multiple_choice",
      "question": "Qual civilização antiga construiu as pirâmides de Gizé?",
      "options": [
        "Mesopotâmia",
        "Grécia",
        "Egito",
        "Roma"
      ],
      "correct_answer": "Egito",
      "difficulty": "easy"
    },
    {
      "id": 46,
      "theme": "História Geral",
      "type": "multiple_choice",
      "question": "Qual foi o período conhecido como 'Guerra Fria'?",
      "options": [
        "1914-1918",
        "1939-1945",
        "1945-1991",
        "1991-2001"
      ],
      "correct_answer": "1945-1991",
      "difficulty": "medium"
    },
    {
      "id": 47,
      "theme": "História Geral",
      "type": "multiple_choice",
      "question": "Quem foi o líder da Revolução Russa de 1917?",
      "options": [
        "Josef Stalin",
        "Vladimir Lenin",
        "Leon Trotsky",
        "Nicolau II"
      ],
      "correct_answer": "Vladimir Lenin",
      "difficulty": "medium"
    },
    {
      "id": 48,
      "theme": "História Geral",
      "type": "true_false",
      "question": "A Revolução Industrial teve início na Inglaterra.",
      "correct_answer": true,
      "difficulty": "easy"
    },
    {
      "id": 49,
      "theme": "História Geral",
      "type": "true_false",
      "question": "O Muro de Berlim caiu em 1989.",
      "correct_answer": true,
      "difficulty": "medium"
    },
    {
      "id": 50,
      "theme": "História Geral",
      "type": "true_false",
      "question": "Genghis Khan foi o fundador do Império Romano.",
      "correct_answer": false,
      "difficulty": "medium"
    },
    {
      "id": 51,
      "theme": "Esportes",
      "type": "multiple_choice",
      "question": "Qual país sediou a primeira Copa do Mundo de futebol?",
      "options": [
        "Brasil",
        "França",
        "Uruguai",
        "Itália"
      ],
      "correct_answer": "Uruguai",
      "difficulty": "medium"
    },
    {
      "id": 52,
      "theme": "Esportes",
      "type": "multiple_choice",
      "question": "Quantos jogadores compõem uma equipe de vôlei em quadra?",
      "options": [
        "5",
        "6",
        "7",
        "8"
      ],
      "correct_answer": "6",
      "difficulty": "easy"
    },
    {
      "id": 53,
      "theme": "Esportes",
      "type": "multiple_choice",
      "question": "Qual destes esportes NÃO faz parte do triatlo?",
      "options": [
        "Natação",
        "Ciclismo",
        "Corrida",
        "Remo"
      ],
      "correct_answer": "Remo",
      "difficulty": "medium"
    },
    {
      "id": 54,
      "theme": "Esportes",
      "type": "multiple_choice",
      "question": "Qual jogador de futebol é conhecido como 'O Fenômeno'?",
      "options": [
        "Pelé",
        "Ronaldo Nazário",
        "Cristiano Ronaldo",
        "Lionel Messi"
      ],
      "correct_answer": "Ronaldo Nazário",
      "difficulty": "medium"
    },
    {
      "id": 55,
      "theme": "Esportes",
      "type": "multiple_choice",
      "question": "Em que ano ocorreram as primeiras Olimpíadas da era moderna?",
      "options": [
        "1886",
        "1896",
        "1900",
        "1904"
      ],
      "correct_answer": "1896",
      "difficulty": "hard"
    },
    {
      "id": 56,
      "theme": "Esportes",
      "type": "multiple_choice",
      "question": "Qual é o esporte mais popular do Brasil?",
      "options": [
        "Vôlei",
        "Basquete",
        "Futebol",
        "Natação"
      ],
      "correct_answer": "Futebol",
      "difficulty": "easy"
    },
    {
      "id": 57,
      "theme": "Esportes",
      "type": "multiple_choice",
      "question": "Qual país ganhou mais medalhas de ouro na história das Olimpíadas?",
      "options": [
        "Estados Unidos",
        "China",
        "Rússia/União Soviética",
        "Alemanha"
      ],
      "correct_answer": "Estados Unidos",
      "difficulty": "medium"
    },
    {
      "id": 58,
      "theme": "Esportes",
      "type": "true_false",
      "question": "O Brasil é o único país que participou de todas as Copas do Mundo de futebol.",
      "correct_answer": true,
      "difficulty": "medium"
    },
    {
      "id": 59,
      "theme": "Esportes",
      "type": "true_false",
      "question": "No tênis, o Grand Slam consiste em vencer os torneios de Wimbledon, US Open, Australian Open e Roland Garros no mesmo ano.",
      "correct_answer": true,
      "difficulty": "medium"
    },
    {
      "id": 60,
      "theme": "Esportes",
      "type": "true_false",
      "question": "O jogador de basquete Michael Jordan ganhou 10 campeonatos da NBA.",
      "correct_answer": false,
      "difficulty": "medium"
    }
  ]
}
